{"cameraMode":{"drawMode":0,"name":"Shaded","section":"Shading Mode"},"sceneLighting":false,"audioPlay":false,"sceneViewState":{"showFog":true,"showMaterialUpdate":false,"showSkybox":true,"showFlares":true,"showImageEffects":true,"showParticleSystems":true},"in2DMode":false,"pivot":{"x":244.1378631591797,"y":153.81207275390626,"z":46.90473556518555},"rotation":{"x":-0.13006308674812318,"y":-0.07518278807401657,"z":0.009890963323414326,"w":-0.9886016845703125},"size":268.6005554199219,"orthographic":false}